{
    "parent": "item/bow1",
    "textures": {
        "layer0": "items/bow1"
    },
    "display": {
        "thirdperson_righthand": {
            "rotation": [ 180, 0, 180 ],
            "translation": [ 0, 5, -3 ],
            "scale": [ 1, 1, 1 ]
        },
        "thirdperson_lefthand": {
            "rotation": [ 180, 0, 180 ],
            "translation": [ 0, 5, -3 ],
            "scale": [ 1, 1, 1 ]
        },
        "firstperson_righthand": {
            "rotation": [ 0, 180, 0 ],
            "translation": [ 0, 0, -5 ],
            "scale": [ 1.5, 1.5, 1.5 ]
        },
        "firstperson_lefthand": {
            "rotation": [ 0, 180, 0 ],
            "translation": [ 0, 0, -5 ],
            "scale": [ 1.5, 1.5, 1.5 ]
        }
    },
    "overrides": [
        {
            "predicate": {
                "pulling": 1
            },
            "model": "item/bow1"
        },
        {
            "predicate": {
                "pulling": 1,
                "pull": 0.65
            },
            "model": "item/bow2"
        },
        {
            "predicate": {
                "pulling": 1,
                "pull": 0.9
            },
            "model": "item/bow3"
        }
    ]
}
