{
    "__comment": "Model generated using MrCrayfish's Model Creator (http://mrcrayfish.com/modelcreator/)",
    "textures": {
        "0": "blocks/log_big_oak",
        "1": "blocks/planks_spruce",
        "2": "blocks/planks_big_oak"
    },
    "display": {
        "thirdperson_righthand": {
            "rotation": [ 180, 0, 180 ],
            "translation": [ 0, 5, -3 ],
            "scale": [ 1, 1, 1 ]
        },
	"gui": {
            "rotation": [ 90, 135, 0 ],
            "translation": [ 0, 0, 0 ],
            "scale": [ 1, 1, 1 ]
        },
        "thirdperson_lefthand": {
            "rotation": [ 180, 0, 180 ],
            "translation": [ 0, 5, -3 ],
            "scale": [ 1, 1, 1 ]
        },
        "firstperson_righthand": {
            "rotation": [ 30, 190, -10 ],
            "translation": [ 0, 0, -20 ],
            "scale": [ 2, 2, 2 ]
        },
        "firstperson_lefthand": {
            "rotation": [ 30, 190, 0 ],
            "translation": [ 0, 0, -20 ],
            "scale": [ 2, 2, 2 ]
        }
    },
    "elements": [
        {
            "name": "Cube",
            "from": [ 7.0, 0.0, 0.0 ], 
            "to": [ 9.0, 4.0, 2.0 ], 
            "rotation": { "origin": [ 8.0, 4.0, 2.0 ], "axis": "x", "angle": 22.5 },
            "faces": {
                "north": { "texture": "#0", "uv": [ 0.0, 0.0, 2.0, 4.0 ] },
                "east": { "texture": "#0", "uv": [ 0.0, 0.0, 2.0, 4.0 ] },
                "south": { "texture": "#0", "uv": [ 0.0, 0.0, 2.0, 4.0 ] },
                "west": { "texture": "#0", "uv": [ 0.0, 0.0, 2.0, 4.0 ] },
                "up": { "texture": "#0", "uv": [ 0.0, 0.0, 2.0, 2.0 ] },
                "down": { "texture": "#0", "uv": [ 0.0, 0.0, 2.0, 2.0 ] }
            }
        },
        {
            "name": "Cube",
            "from": [ 7.0, 1.5, 9.0 ], 
            "to": [ 9.0, 4.0, 11.0 ], 
            "rotation": { "origin": [ 11.0, 4.0, 10.0 ], "axis": "x", "angle": 22.5 },
            "faces": {
                "north": { "texture": "#0", "uv": [ 0.0, 0.0, 2.0, 2.5 ] },
                "east": { "texture": "#0", "uv": [ 0.0, 0.0, 2.0, 2.5 ] },
                "south": { "texture": "#0", "uv": [ 0.0, 0.0, 2.0, 2.5 ] },
                "west": { "texture": "#0", "uv": [ 0.0, 0.0, 2.0, 2.5 ] },
                "up": { "texture": "#0", "uv": [ 0.0, 0.0, 2.0, 2.0 ] },
                "down": { "texture": "#0", "uv": [ 0.0, 0.0, 2.0, 2.0 ] }
            }
        },
        {
            "name": "Cube",
            "from": [ 6.5, 4.0, 0.0 ], 
            "to": [ 9.5, 5.0, 14.0 ], 
            "faces": {
                "north": { "texture": "#1", "uv": [ 0.0, 0.0, 3.0, 1.0 ] },
                "east": { "texture": "#1", "uv": [ 0.0, 0.0, 14.0, 1.0 ] },
                "south": { "texture": "#1", "uv": [ 0.0, 0.0, 3.0, 1.0 ] },
                "west": { "texture": "#1", "uv": [ 0.0, 0.0, 14.0, 1.0 ] },
                "up": { "texture": "#1", "uv": [ 0.0, 0.0, 3.0, 14.0 ] },
                "down": { "texture": "#1", "uv": [ 0.0, 0.0, 3.0, 14.0 ] }
            }
        },
        {
            "name": "Cube",
            "from": [ 8.5, 5.0, 0.0 ], 
            "to": [ 9.5, 6.0, 14.0 ], 
            "faces": {
                "north": { "texture": "#1", "uv": [ 0.0, 0.0, 1.0, 1.0 ] },
                "east": { "texture": "#1", "uv": [ 0.0, 0.0, 14.0, 1.0 ] },
                "south": { "texture": "#1", "uv": [ 0.0, 0.0, 1.0, 1.0 ] },
                "west": { "texture": "#1", "uv": [ 0.0, 0.0, 14.0, 1.0 ] },
                "up": { "texture": "#1", "uv": [ 0.0, 0.0, 1.0, 14.0 ] },
                "down": { "texture": "#1", "uv": [ 0.0, 0.0, 1.0, 14.0 ] }
            }
        },
        {
            "name": "Cube",
            "from": [ 6.5, 5.0, 0.0 ], 
            "to": [ 7.5, 6.0, 14.0 ], 
            "faces": {
                "north": { "texture": "#1", "uv": [ 0.0, 0.0, 1.0, 1.0 ] },
                "east": { "texture": "#1", "uv": [ 0.0, 0.0, 14.0, 1.0 ] },
                "south": { "texture": "#1", "uv": [ 0.0, 0.0, 1.0, 1.0 ] },
                "west": { "texture": "#1", "uv": [ 0.0, 0.0, 14.0, 1.0 ] },
                "up": { "texture": "#1", "uv": [ 0.0, 0.0, 1.0, 14.0 ] },
                "down": { "texture": "#2", "uv": [ 0.0, 0.0, 1.0, 14.0 ] }
            }
        },
        {
            "name": "Cube",
            "from": [ 2.0, 5.0, 11.0 ], 
            "to": [ 6.5, 6.0, 13.0 ], 
            "faces": {
                "north": { "texture": "#2", "uv": [ 0.0, 0.0, 4.5, 1.0 ] },
                "east": { "texture": "#2", "uv": [ 0.0, 0.0, 2.0, 1.0 ] },
                "south": { "texture": "#2", "uv": [ 0.0, 0.0, 4.5, 1.0 ] },
                "west": { "texture": "#2", "uv": [ 0.0, 0.0, 2.0, 1.0 ] },
                "up": { "texture": "#2", "uv": [ 0.0, 0.0, 4.5, 2.0 ] },
                "down": { "texture": "#2", "uv": [ 0.0, 0.0, 4.5, 2.0 ] }
            }
        },
        {
            "name": "Cube",
            "from": [ 9.5, 5.0, 11.0 ], 
            "to": [ 14.0, 6.0, 13.0 ], 
            "faces": {
                "north": { "texture": "#2", "uv": [ 0.0, 0.0, 4.5, 1.0 ] },
                "east": { "texture": "#2", "uv": [ 0.0, 0.0, 2.0, 1.0 ] },
                "south": { "texture": "#2", "uv": [ 0.0, 0.0, 4.5, 1.0 ] },
                "west": { "texture": "#2", "uv": [ 0.0, 0.0, 2.0, 1.0 ] },
                "up": { "texture": "#2", "uv": [ 0.0, 0.0, 4.5, 2.0 ] },
                "down": { "texture": "#2", "uv": [ 0.0, 0.0, 4.5, 2.0 ] }
            }
        },
        {
            "name": "Shrink",
            "from": [ -2.5, 4.999, 11.0 ], 
            "to": [ 2.0, 6.001, 13.0 ], 
            "rotation": { "origin": [ 2.0, 8.0, 13.0 ], "axis": "y", "angle": -22.5 },
            "faces": {
                "north": { "texture": "#2", "uv": [ 0.0, 0.0, 4.5, 1.0 ] },
                "east": { "texture": "#2", "uv": [ 0.0, 0.0, 2.0, 1.0 ] },
                "south": { "texture": "#2", "uv": [ 0.0, 0.0, 4.5, 1.0 ] },
                "west": { "texture": "#2", "uv": [ 0.0, 0.0, 2.0, 1.0 ] },
                "up": { "texture": "#2", "uv": [ 0.0, 0.0, 4.5, 2.0 ] },
                "down": { "texture": "#2", "uv": [ 0.0, 0.0, 4.5, 2.0 ] }
            }
        },
        {
            "name": "Cube",
            "from": [ 14.0, 4.999, 11.0 ], 
            "to": [ 18.5, 6.001, 13.0 ], 
            "rotation": { "origin": [ 14.0, 8.0, 13.0 ], "axis": "y", "angle": 22.5 },
            "faces": {
                "north": { "texture": "#2", "uv": [ 0.0, 0.0, 4.5, 1.0 ] },
                "east": { "texture": "#2", "uv": [ 0.0, 0.0, 2.0, 1.0 ] },
                "south": { "texture": "#2", "uv": [ 0.0, 0.0, 4.5, 1.0 ] },
                "west": { "texture": "#2", "uv": [ 0.0, 0.0, 2.0, 1.0 ] },
                "up": { "texture": "#2", "uv": [ 0.0, 0.0, 4.5, 2.0 ] },
                "down": { "texture": "#2", "uv": [ 0.0, 0.0, 4.5, 2.0 ] }
            }
        },
        {
            "name": "Cube",
            "from": [ -1.5, 5.4, 9.5 ], 
            "to": [ 17.5, 5.6000000000000005, 9.7 ], 
            "faces": {
                "north": { "texture": "#1", "uv": [ 0.0, 0.0, 16.0, 0.2 ] },
                "east": { "texture": "#1", "uv": [ 0.0, 0.0, 0.2, 0.2 ] },
                "south": { "texture": "#1", "uv": [ 0.0, 0.0, 16.0, 0.2 ] },
                "west": { "texture": "#1", "uv": [ 0.0, 0.0, 0.19999999999999996, 0.2 ] },
                "up": { "texture": "#1", "uv": [ 0.0, 0.0, 16.0, 0.2 ] },
                "down": { "texture": "#1", "uv": [ 0.0, 0.0, 16.0, 0.2 ] }
            }
        }
    ]
}