{
	"__comment": "Made with MC Model Maker for Minecraft versions 14w26a+",
	"ambientocclusion": true,
	"textures": {
		"sword": "blocks/iron_block",
		"hilt": "blocks/stone",
		"handle": "blocks/log_big_oak",
		"particle": "blocks/crafting_table_front"
	},
    	"display": {
        "gui": {
            "rotation": [ 0, 0, -45 ],
            "translation": [ 0, 0, 0],
            "scale":[ 0.8, 0.8, 0.8 ]
        },
        "ground": {
            "rotation": [ 90, 180, 0 ],
            "translation": [ 0, 3, 0],
            "scale":[ 1, 0.8, 1 ]
        },
        "fixed": {
            "rotation": [ 0, 0, 0 ],
            "translation": [ 0, 0, 0],
            "scale":[ 0.5, 0.5, 0.5 ]
        },
        "thirdperson_righthand": {
            "rotation": [ 0, 90, 0 ],
            "translation": [ 0, 10, 1 ],
            "scale": [ 1.3, 1, 1 ]
        },
        "firstperson_righthand": {
            "rotation": [ 0, -90, 0 ],
            "translation": [ 0, 9, 0 ],
            "scale": [ 1, 1, 1 ]
        },
        "firstperson_lefthand": {
            "rotation": [ 0, 90, 0 ],
            "translation": [ 0, 9, 0 ],
            "scale": [ 1, 1, 1 ]
        },
        "thirdperson_lefthand": {
                 "rotation": [ 0, -90, 0 ],
            "translation": [ 0, 10, 1 ],
            "scale": [ 1.3, 1, 1 ]
	}
},
	"elements": [
		{
			"from": [ 7.75, -4, 7.75 ],
			"to": [ 8.25, -2, 8.25 ],
			"__comment": "1x1",
			"faces": {
				"north": { "uv": [ 5, 4, 7, 8 ], "texture": "#handle", "cullface": true },
				"south": { "uv": [ 5, 4, 7, 8 ], "texture": "#handle", "cullface": true },
				"east": { "uv": [ 5, 4, 7, 8 ], "texture": "#handle", "cullface": true },
				"west": { "uv": [ 5, 4, 7, 8 ], "texture": "#handle", "cullface": true },
				"down": { "uv": [ 5, 6, 7, 8 ], "texture": "#handle", "cullface": true }
			}
		},
		{
			"from": [ 7.5, -2, 7.5 ],
			"to": [ 8.5, 0, 8.5 ],
			"faces": {
				"north": { "uv": [ 8, 0, 16, 8 ], "texture": "#handle", "cullface": false },
				"south": { "uv": [ 0, 0, 8, 8 ], "texture": "#handle", "cullface": false },
				"east": { "uv": [ 8, 8, 16, 16 ], "texture": "#handle", "cullface": false },
				"west": { "uv": [ 0, 8, 8, 16 ], "texture": "#handle", "cullface": false },
				"up": { "uv": [ 8, 0, 16, 8 ], "texture": "#handle", "cullface": false },
				"down": { "uv": [ 8, 0, 16, 8 ], "texture": "#handle", "cullface": false }
			}
		},
		{
			"from": [ 5.5, -0.5, 7.4 ],
			"to": [ 7.5, 0, 8.6 ],
			"faces": {
				"north": { "uv": [ 0, 0, 4, 1 ], "texture": "#hilt", "cullface": false },
				"south": { "uv": [ 0, 0, 4, 1 ], "texture": "#hilt", "cullface": false },
				"east": { "uv": [ 0, 0, 4, 1 ], "texture": "#hilt", "cullface": false },
				"west": { "uv": [ 0, 0, 4, 1 ], "texture": "#hilt", "cullface": false },
				"up": { "uv": [ 0, 0, 4, 1 ], "texture": "#hilt", "cullface": false },
				"down": { "uv": [ 0, 0, 4, 1 ], "texture": "#hilt", "cullface": false }
			}
		},
		{
			"from": [ 8.5, -0.5, 7.4 ],
			"to": [ 10.5, 0, 8.6 ],
			"__comment": "this and before only .5 tall (Upper half)",
			"faces": {
				"north": { "uv": [ 8, 0, 12, 1 ], "texture": "#hilt", "cullface": false },
				"south": { "uv": [ 8, 0, 11, 1 ], "texture": "#hilt", "cullface": false },
				"east": { "uv": [ 9, 0, 10, 1 ], "texture": "#hilt", "cullface": false },
				"west": { "uv": [ 10, 0, 11, 1 ], "texture": "#hilt", "cullface": false },
				"up": { "uv": [ 10, 0, 11, 1 ], "texture": "#hilt", "cullface": false },
				"down": { "uv": [ 8, 0, 9, 1 ], "texture": "#hilt", "cullface": false }
			}
		},
		{
			"from": [ 7.5, 0, 7.9 ],
			"to": [ 8.5, 8, 8.1 ],
			"__comment": ".1x1x8",
			"faces": {
				"north": { "uv": [ 14, 0, 16, 16 ], "texture": "#sword", "cullface": false },
				"south": { "uv": [ 14, 0, 16, 16 ], "texture": "#sword", "cullface": false },
				"east": { "uv": [ 14, 0, 16, 16 ], "texture": "#sword", "cullface": false },
				"west": { "uv": [ 14, 0, 16, 16 ], "texture": "#sword", "cullface": false }
			}
		},
		{
			"from": [ 7.5, 8, 7.9 ],
			"to": [ 8.5, 16, 8.1 ],
			"faces": {
				"north": { "uv": [ 14, 0, 16, 16 ], "texture": "#sword", "cullface": false },
				"south": { "uv": [ 14, 0, 16, 16 ], "texture": "#sword", "cullface": false },
				"east": { "uv": [ 14, 0, 16, 16 ], "texture": "#sword", "cullface": false },
				"west": { "uv": [ 14, 0, 16, 16 ], "texture": "#sword", "cullface": false }
			}
		},
		{
			"from": [ 7.64644661, 15.6464466, 7.901 ],
			"to": [ 8.35355339, 16.3535534, 8.099],
            "rotation": {
                "origin": [ 8, 16, 8 ],
                "axis": "z",
                "angle": 45,
                "rescale": false
            },
			"faces": {
				"north": { "uv": [ 12, 0, 14, 16 ], "texture": "#sword", "cullface": false },
				"south": { "uv": [ 12, 0, 14, 16 ], "texture": "#sword", "cullface": false },
				"east": { "uv": [ 12, 0, 14, 16 ], "texture": "#sword", "cullface": false },
				"west": { "uv": [ 12, 0, 14, 16 ], "texture": "#sword", "cullface": false },
				"up": { "uv": [ 12, 0, 14, 1 ], "texture": "#sword", "cullface": false }
			}
		}
	]
}