{
    "__comment": "Model generated using MrCrayfish's Model Creator (http://mrcrayfish.com/modelcreator/)",
    "textures": {
        "particle": "blocks/log_oak",
        "0": "blocks/log_oak",
        "1": "blocks/iron_block"
	},
    	"display": {
	 "gui": {
            "rotation": [ -45, 90, 45 ],
            "translation": [ 0, 0, 0 ],
            "scale": [ 0.5, 0.5, 0.5 ]
	},
        "thirdperson_righthand": {
            "rotation": [ 90, 0, 0 ],
            "translation": [ 0, 0, 2.999 ],
            "scale": [ 1, 1, 1 ]
	}
},
	"elements": [
        {
            "name": "Cube",
            "from": [ 7.0, 5.0, 7.0 ], 
            "to": [ 9.0, 7.0, 22.0 ], 
            "faces": {
                "north": { "texture": "#0", "uv": [ 0.0, 0.0, 2.0, 2.0 ] },
                "east": { "texture": "#0", "uv": [ 0.0, 0.0, 15.0, 2.0 ] },
                "south": { "texture": "#0", "uv": [ 0.0, 0.0, 2.0, 2.0 ] },
                "west": { "texture": "#0", "uv": [ 0.0, 0.0, 15.0, 2.0 ] },
                "up": { "texture": "#0", "uv": [ 0.0, 0.0, 2.0, 15.0 ] },
                "down": { "texture": "#0", "uv": [ 0.0, 0.0, 2.0, 15.0 ] }
            }
        },
        {
            "name": "Cube",
            "from": [ 7.0, 5.0, -8.0 ], 
            "to": [ 9.0, 7.0, 7.0 ], 
            "faces": {
                "north": { "texture": "#0", "uv": [ 0.0, 0.0, 2.0, 2.0 ] },
                "east": { "texture": "#0", "uv": [ 0.0, 0.0, 15.0, 2.0 ] },
                "south": { "texture": "#0", "uv": [ 0.0, 0.0, 2.0, 2.0 ] },
                "west": { "texture": "#0", "uv": [ 0.0, 0.0, 15.0, 2.0 ] },
                "up": { "texture": "#0", "uv": [ 0.0, 0.0, 2.0, 15.0 ] },
                "down": { "texture": "#0", "uv": [ 0.0, 0.0, 2.0, 15.0 ] }
            }
        },
        {
            "name": "Cube",
            "from": [ 6.0, 5.0, -10.0 ], 
            "to": [ 10.0, 7.0, -8.0 ], 
            "faces": {
                "north": { "texture": "#1", "uv": [ 15.0, 0.0, 19.0, 2.0 ] },
                "east": { "texture": "#1", "uv": [ 5.0, 3.0, 7.0, 5.0 ] },
                "south": { "texture": "#1", "uv": [ 15.0, 0.0, 19.0, 2.0 ] },
                "west": { "texture": "#1", "uv": [ 4.0, 9.0, 6.0, 13.0 ] },
                "up": { "texture": "#1", "uv": [ 15.0, 0.0, 13.0, 1.0 ] },
                "down": { "texture": "#1", "uv": [ 0.0, 0.0, 4.0, 2.0 ] }
            }
        },
        {
            "name": "Cube",
            "from": [ 7.0, 5.0, -13.0 ], 
            "to": [ 9.0, 7.0, -10.0 ], 
            "faces": {
                "north": { "texture": "#1", "uv": [ 15.0, 0.0, 17.0, 2.0 ] },
                "east": { "texture": "#1", "uv": [ 5.0, 3.0, 8.0, 5.0 ] },
                "south": { "texture": "#1", "uv": [ 15.0, 0.0, 17.0, 2.0 ] },
                "west": { "texture": "#1", "uv": [ 4.0, 9.0, 6.0, 13.0 ] },
                "up": { "texture": "#1", "uv": [ 15.0, 0.0, 13.0, 1.0 ] },
                "down": { "texture": "#1", "uv": [ 0.0, 0.0, 2.0, 3.0 ] }
            }
        },
        {
            "name": "Cube",
            "from": [ 7.0, 4.0, -10.0 ], 
            "to": [ 9.0, 8.0, -8.0 ], 
            "faces": {
                "north": { "texture": "#1", "uv": [ 15.0, 0.0, 17.0, 4.0 ] },
                "east": { "texture": "#1", "uv": [ 5.0, 3.0, 7.0, 7.0 ] },
                "south": { "texture": "#1", "uv": [ 15.0, 0.0, 17.0, 4.0 ] },
                "west": { "texture": "#1", "uv": [ 4.0, 9.0, 6.0, 13.0 ] },
                "up": { "texture": "#1", "uv": [ 15.0, 0.0, 13.0, 1.0 ] },
                "down": { "texture": "#1", "uv": [ 0.0, 0.0, 2.0, 2.0 ] }
            }
        }
    ]
}