{
    "__comment": "Model generated using MrCrayfish's Model Creator (http://mrcrayfish.com/modelcreator/)",
    "textures": {
        "0": "blocks/log_big_oak",
        "1": "blocks/null",
        "2": "blocks/iron_block",
	"particle":"blocks/dirt"
    },
    "elements": [
        {
            "name": "Element",
            "from": [ 7.75, 0.0, 7.75 ], 
            "to": [ 8.25, 2.0, 8.25 ], 
            "faces": {
                "north": { "texture": "#0", "uv": [ 5.0, 4.0, 7.0, 8.0 ] },
                "east": { "texture": "#0", "uv": [ 5.0, 4.0, 7.0, 8.0 ] },
                "south": { "texture": "#0", "uv": [ 5.0, 4.0, 7.0, 8.0 ] },
                "west": { "texture": "#0", "uv": [ 5.0, 4.0, 7.0, 8.0 ] },
                "down": { "texture": "#0", "uv": [ 5.0, 6.0, 7.0, 8.0 ] }
            }
        },
        {
            "name": "Element",
            "from": [ 7.5, 2.0, 7.9 ], 
            "to": [ 8.5, 9.0, 8.1 ], 
            "faces": {
                "north": { "texture": "#2", "uv": [ 14.0, 2.0, 16.0, 3.0 ] },
                "east": { "texture": "#2", "uv": [ 14.0, 1.0, 16.0, 2.0 ] },
                "south": { "texture": "#2", "uv": [ 14.0, 1.0, 16.0, 2.0 ] },
                "west": { "texture": "#2", "uv": [ 14.0, 1.0, 16.0, 2.0 ] }
            }
        },
        {
            "name": "Element",
            "from": [ 7.64644661, 8.6464466, 7.901 ], 
            "to": [ 8.35355339, 9.3535534, 8.099 ], 
            "rotation": { "origin": [ 8.0, 9.0, 8.0 ], "axis": "z", "angle": 45.0 },
            "faces": {
                "north": { "texture": "#2", "uv": [ 12.0, 0.0, 14.0, 1.0 ] },
                "east": { "texture": "#2", "uv": [ 12.0, 0.0, 14.0, 1.0 ] },
                "south": { "texture": "#2", "uv": [ 12.0, 0.0, 14.0, 1.0 ] },
                "west": { "texture": "#2", "uv": [ 12.0, 0.0, 14.0, 1.0 ] },
                "up": { "texture": "#2", "uv": [ 12.0, 0.0, 14.0, 1.0 ] }
            }
        },
        {
            "name": "Cube",
            "from": [ 7.5, 1.8, 7.8 ], 
            "to": [ 8.5, 2.1, 8.2 ], 
            "faces": {
                "north": { "texture": "#0", "uv": [ 5.0, 4.0, 7.0, 8.0 ] },
                "east": { "texture": "#0", "uv": [ 5.0, 4.0, 7.0, 8.0 ] },
                "south": { "texture": "#0", "uv": [ 5.0, 4.0, 7.0, 8.0 ] },
                "west": { "texture": "#0", "uv": [ 5.0, 4.0, 7.0, 8.0 ] },
                "down": { "texture": "#0", "uv": [ 5.0, 6.0, 7.0, 8.0 ] }
            }
        }
    ]
}