{"stat.craftItem.minecraft.leather_leggings":2,"stat.useItem.minecraft.bow":212,"stat.useItem.minecraft.chain_command_block":2,"stat.useItem.minecraft.quartz_block":14,"stat.horseOneCm":9261,"stat.pigOneCm":2149,"stat.useItem.minecraft.repeater":1,"stat.leaveGame":24,"stat.useItem.minecraft.log2":164,"stat.useItem.minecraft.skull":17,"stat.pickup.minecraft.leather_chestplate":3,"stat.useItem.minecraft.repeating_command_block":10,"stat.useItem.minecraft.diamond_sword":59,"stat.useItem.minecraft.glowstone":4,"stat.swimOneCm":36098,"stat.useItem.minecraft.snow":1,"stat.useItem.minecraft.planks":275,"stat.climbOneCm":15176,"stat.useItem.minecraft.end_rod":6,"stat.useItem.minecraft.nether_brick_stairs":52,"stat.useItem.minecraft.redstone_torch":4,"stat.useItem.minecraft.dirt":456,"stat.useItem.minecraft.stone_slab2":17,"achievement.exploreAllBiomes":{"value":0,"progress":["The Void"]},"stat.useItem.minecraft.water_bucket":10,"stat.drop.minecraft.redstone_torch":32,"stat.useItem.minecraft.diamond_hoe":270,"stat.drop.minecraft.web":1,"stat.useItem.minecraft.egg":179,"stat.drop.minecraft.leather_boots":3,"stat.useItem.minecraft.leaves2":3,"stat.useItem.minecraft.red_nether_brick":51,"stat.useItem.minecraft.vine":5,"stat.useItem.minecraft.rail":16,"stat.pickup.minecraft.leather_boots":3,"stat.flyOneCm":1735682,"stat.useItem.minecraft.ender_pearl":6,"stat.pickup.minecraft.chainmail_chestplate":2,"stat.drop.minecraft.sand":2,"stat.timeSinceDeath":1273,"stat.useItem.minecraft.fence_gate":10,"stat.drop.minecraft.log":2,"stat.useItem.minecraft.sign":42,"stat.cauldronFilled":1,"stat.useItem.minecraft.spawn_egg":4,"stat.useItem.minecraft.wooden_slab":308,"stat.useItem.minecraft.lever":18,"stat.useItem.minecraft.oak_stairs":36,"stat.drop.minecraft.stained_glass":1,"stat.drop.minecraft.dirt":15,"stat.useItem.minecraft.acacia_stairs":3,"stat.drop.minecraft.wool":24,"stat.useItem.minecraft.dark_oak_stairs":134,"stat.useItem.minecraft.armor_stand":22,"stat.pickup.minecraft.string":2,"stat.drop.minecraft.stone_slab":1,"stat.drop.minecraft.log2":1,"stat.useItem.minecraft.redstone":14,"stat.useItem.minecraft.red_sandstone":1,"achievement.mineWood":1,"stat.useItem.minecraft.spruce_fence":4,"stat.useItem.minecraft.trapdoor":62,"stat.sprintOneCm":655899,"stat.drop.minecraft.magma":1,"stat.useItem.minecraft.stained_glass":54,"stat.useItem.minecraft.hay_block":75,"stat.useItem.minecraft.fence":194,"stat.useItem.minecraft.stone_stairs":64,"stat.useItem.minecraft.stone_slab":254,"achievement.openInventory":558,"stat.useItem.minecraft.cauldron":4,"stat.useItem.minecraft.snowball":1396,"stat.useItem.minecraft.flint_and_steel":25,"stat.useItem.minecraft.wheat_seeds":12,"stat.drop.minecraft.snowball":4,"stat.drop.minecraft.golden_apple":4,"stat.useItem.minecraft.dye":105,"stat.useItem.minecraft.bucket":1,"stat.deaths":88,"stat.drop":65,"stat.playOneMinute":575877,"stat.craftItem.minecraft.leather_chestplate":5,"stat.useItem.minecraft.wooden_sword":113,"stat.drop.minecraft.string":4,"stat.useItem.minecraft.ladder":15,"stat.useItem.minecraft.nether_brick":24,"stat.drop.minecraft.redstone_block":34,"stat.drop.minecraft.iron_ingot":22,"stat.diveOneCm":156387,"stat.chestOpened":4,"stat.useItem.minecraft.stone":97,"stat.useItem.minecraft.jungle_fence":59,"stat.useItem.minecraft.quartz_stairs":2,"stat.useItem.minecraft.diamond_axe":17,"stat.useItem.minecraft.heavy_weighted_pressure_plate":1,"stat.useItem.minecraft.carpet":5,"stat.useItem.minecraft.stained_glass_pane":18,"stat.useItem.minecraft.flower_pot":2,"stat.jump":3661,"stat.useItem.minecraft.iron_trapdoor":3,"stat.useItem.minecraft.sand":33,"stat.fallOneCm":195423,"stat.useItem.minecraft.piston":14,"stat.drop.minecraft.diamond_sword":2,"stat.crouchOneCm":51957,"stat.pickup.minecraft.dirt":66,"stat.useItem.minecraft.stone_button":11,"stat.drop.minecraft.glowstone":1,"stat.drop.minecraft.piston":16,"stat.craftingTableInteraction":1,"stat.drop.minecraft.stained_glass_pane":1,"stat.drop.minecraft.barrier":2,"stat.boatOneCm":24596,"stat.useItem.minecraft.sapling":50,"stat.useItem.minecraft.redstone_lamp":1,"stat.drop.minecraft.leaves2":2,"stat.damageTaken":26147,"stat.useItem.minecraft.stone_brick_stairs":39,"stat.dispenserInspected":1,"stat.useItem.minecraft.carrot_on_a_stick":1,"stat.drop.minecraft.red_sandstone":1,"stat.pickup.minecraft.dye":3,"stat.drop.minecraft.nether_star":2,"stat.useItem.minecraft.birch_fence":2,"stat.useItem.minecraft.magma":5,"stat.damageDealt":7811,"stat.drop.minecraft.carpet":3,"stat.useItem.minecraft.snow_layer":42,"stat.useItem.minecraft.wool":44,"stat.useItem.minecraft.crafting_table":1,"stat.useItem.minecraft.iron_bars":47,"stat.flowerPotted":1,"stat.useItem.minecraft.command_block":16,"stat.walkOneCm":814244,"stat.playerKills":43,"stat.useItem.minecraft.pumpkin":2,"stat.useItem.minecraft.log":323,"stat.drop.minecraft.tallgrass":1,"stat.useItem.minecraft.comparator":1,"stat.useItem.minecraft.cobblestone":18,"stat.useItem.minecraft.tnt":13,"stat.craftItem.minecraft.leather_boots":3,"stat.useItem.minecraft.gravel":1,"stat.useItem.minecraft.lava_bucket":3,"stat.pickup.minecraft.log":1,"stat.drop.minecraft.sign":1,"stat.useItem.minecraft.redstone_block":7,"stat.drop.minecraft.leather_chestplate":3,"stat.useItem.minecraft.item_frame":4,"stat.useItem.minecraft.spruce_stairs":66,"stat.drop.minecraft.planks":1,"stat.useItem.minecraft.stained_hardened_clay":725,"stat.useItem.minecraft.leaves":93,"stat.useItem.minecraft.glass_pane":3,"stat.drop.minecraft.bow":1,"stat.drop.minecraft.lever":1,"stat.useItem.minecraft.barrier":30,"stat.useItem.minecraft.stonebrick":73,"stat.drop.minecraft.repeating_command_block":1,"stat.useItem.minecraft.golden_apple":2,"stat.useItem.minecraft.cobblestone_wall":29,"stat.sneakTime":27294,"stat.pickup.minecraft.wool":16,"stat.drop.minecraft.quartz_block":4,"stat.drop.minecraft.grass":1,"stat.useItem.minecraft.fishing_rod":19,"stat.useItem.minecraft.sandstone":32,"stat.useItem.minecraft.web":18}