{"stat.pickup.minecraft.repeating_command_block":1,"stat.useItem.minecraft.bow":36,"stat.useItem.minecraft.chain_command_block":36,"stat.useItem.minecraft.quartz_block":238,"stat.leaveGame":45,"stat.pickup.minecraft.stone_slab2":1,"stat.drop.minecraft.redstone":2,"stat.useItem.minecraft.repeating_command_block":9,"stat.useItem.minecraft.planks":73,"stat.useItem.minecraft.fire_charge":75,"stat.drop.minecraft.coal_block":1,"stat.useItem.minecraft.red_sandstone_stairs":18,"stat.useItem.minecraft.water_bucket":18,"stat.drop.minecraft.iron_sword":2,"stat.useItem.minecraft.vine":3,"stat.useItem.minecraft.rail":10,"stat.drop.minecraft.elytra":3,"stat.aviateOneCm":141331,"stat.useItem.minecraft.anvil":2,"stat.hopperInspected":1,"stat.pickup.minecraft.stained_hardened_clay":1,"stat.useItem.minecraft.spawn_egg":2,"stat.drop.minecraft.stone_slab":6,"stat.useItem.minecraft.redstone":15,"stat.drop.minecraft.stained_hardened_clay":5,"stat.useItem.minecraft.red_sandstone":2,"achievement.mineWood":1,"stat.useItem.minecraft.stained_glass":4,"stat.drop.minecraft.fishing_rod":1,"stat.useItem.minecraft.fence":11,"stat.useItem.minecraft.stone_stairs":6,"achievement.openInventory":237,"stat.useItem.minecraft.cauldron":1,"stat.useItem.minecraft.flint_and_steel":1,"stat.useItem.minecraft.wheat_seeds":14,"stat.useItem.minecraft.hopper":3,"stat.drop.minecraft.snowball":3,"stat.useItem.minecraft.dye":299,"stat.deaths":32,"stat.drop.minecraft.chain_command_block":23,"stat.playOneMinute":697947,"stat.useItem.minecraft.jungle_stairs":4,"stat.useItem.minecraft.nether_brick":8,"stat.pickup.minecraft.sea_lantern":1,"stat.pickup.minecraft.iron_bars":1,"stat.mineBlock.minecraft.tallgrass":11,"stat.useItem.minecraft.stone":52,"stat.useItem.minecraft.jungle_fence":2,"stat.pickup.minecraft.iron_sword":1,"stat.useItem.minecraft.sponge":8,"stat.fallOneCm":68441,"stat.drop.minecraft.stone":2,"stat.crouchOneCm":21597,"stat.useItem.minecraft.nether_brick_fence":21,"stat.craftingTableInteraction":1,"stat.pickup.minecraft.comparator":1,"stat.useItem.minecraft.dark_oak_fence":16,"stat.drop.minecraft.snow":1,"stat.drop.minecraft.spruce_fence":1,"stat.useItem.minecraft.stone_sword":9,"stat.drop.minecraft.carpet":20,"stat.useItem.minecraft.wool":173,"stat.useItem.minecraft.torch":2,"stat.useItem.minecraft.log":98,"stat.useItem.minecraft.comparator":3,"stat.drop.minecraft.tallgrass":1,"stat.useItem.minecraft.cobblestone":12,"stat.craftItem.minecraft.leather_boots":1,"stat.pickup.minecraft.log":1,"stat.drop.minecraft.sign":7,"stat.drop.minecraft.stonebrick":1,"stat.drop.minecraft.planks":3,"stat.pickup.minecraft.sapling":3,"stat.drop.minecraft.bow":1,"stat.pickup.minecraft.coal_block":1,"stat.drop.minecraft.fish":1,"stat.useItem.minecraft.barrier":114,"stat.useItem.minecraft.jungle_door":2,"stat.useItem.minecraft.stonebrick":86,"stat.useItem.minecraft.spruce_door":1,"stat.drop.minecraft.leather_leggings":1,"stat.sneakTime":14147,"stat.pickup.minecraft.stone_slab":68,"stat.useItem.minecraft.fishing_rod":3,"stat.pickup.minecraft.red_sandstone_stairs":2,"stat.craftItem.minecraft.leather_leggings":1,"stat.useItem.minecraft.lapis_block":1,"stat.useItem.minecraft.repeater":3,"stat.useItem.minecraft.log2":471,"stat.useItem.minecraft.skull":1,"stat.useItem.minecraft.diamond_sword":3,"stat.swimOneCm":96876,"stat.useItem.minecraft.snow":28,"stat.climbOneCm":2346,"stat.drop.minecraft.sticky_piston":1,"stat.useItem.minecraft.coal_block":2,"stat.pickup.minecraft.sticky_piston":1,"stat.useItem.minecraft.redstone_torch":1,"stat.useItem.minecraft.dirt":79,"stat.useItem.minecraft.stone_slab2":11,"achievement.exploreAllBiomes":{"value":0,"progress":["The Void"]},"stat.useItem.minecraft.egg":633,"stat.useItem.minecraft.leaves2":586,"stat.drop.minecraft.quartz_stairs":3,"stat.pickup.minecraft.quartz_stairs":1,"stat.flyOneCm":1418135,"stat.pickup.minecraft.chain_command_block":4,"stat.pickup.minecraft.fish":1,"stat.pickup.minecraft.redstone":65,"stat.timeSinceDeath":68934,"stat.useItem.minecraft.sign":23,"stat.drop.minecraft.log":3,"stat.cauldronFilled":1,"stat.useItem.minecraft.wooden_slab":288,"stat.useItem.minecraft.lever":11,"stat.drop.minecraft.iron_bars":1,"stat.pickup.minecraft.stonebrick":1,"stat.drop.minecraft.stained_glass":2,"stat.pickup.minecraft.carpet":2,"stat.drop.minecraft.wool":3,"stat.pickup.minecraft.wooden_sword":2,"stat.useItem.minecraft.sea_lantern":4,"stat.drop.minecraft.anvil":1,"stat.useItem.minecraft.spruce_fence":2,"stat.sprintOneCm":216555,"stat.useItem.minecraft.stone_slab":61,"stat.useItem.minecraft.snowball":936,"stat.useItem.minecraft.structure_block":9,"stat.drop":137,"stat.craftItem.minecraft.leather_chestplate":1,"stat.useItem.minecraft.wooden_sword":11,"stat.drop.minecraft.redstone_block":2,"stat.killEntity.Zombie":1,"stat.pickup.minecraft.snowball":10,"stat.useItem.minecraft.birch_stairs":2,"stat.diveOneCm":27506,"stat.useItem.minecraft.sticky_piston":2,"stat.drop.minecraft.stone_stairs":1,"stat.pickup.minecraft.sign":8,"stat.useItem.minecraft.quartz_stairs":39,"stat.useItem.minecraft.diamond_axe":10,"stat.useItem.minecraft.carpet":24,"stat.useItem.minecraft.stained_glass_pane":20,"stat.jump":870,"stat.useItem.minecraft.sand":77,"stat.drop.minecraft.diamond_sword":1,"stat.drop.minecraft.wooden_sword":6,"stat.useItem.minecraft.stone_button":4,"stat.useItem.minecraft.dispenser":1,"stat.drop.minecraft.barrier":6,"stat.useItem.minecraft.sapling":16,"stat.useItem.minecraft.redstone_lamp":3,"stat.pickup.minecraft.red_sandstone":1,"stat.damageTaken":6340,"stat.useItem.minecraft.gold_block":3,"stat.dispenserInspected":2,"stat.drop.minecraft.water_bucket":1,"stat.drop.minecraft.red_sandstone":1,"stat.pickup.minecraft.quartz_block":69,"stat.pickup.minecraft.stained_glass":2,"stat.damageDealt":1175,"stat.useItem.minecraft.crafting_table":2,"stat.useItem.minecraft.command_block":19,"stat.walkOneCm":382324,"stat.playerKills":5,"stat.useItem.minecraft.pumpkin":6,"stat.useItem.minecraft.lava_bucket":14,"stat.useItem.minecraft.redstone_block":2,"stat.drop.minecraft.leather_chestplate":2,"stat.useItem.minecraft.item_frame":6,"stat.pickup.minecraft.stone":1,"stat.useItem.minecraft.stained_hardened_clay":86,"stat.drop.minecraft.wooden_slab":2,"stat.drop.minecraft.command_block":3,"stat.pickup.minecraft.barrier":1,"stat.drop.minecraft.lever":2,"stat.mobKills":2,"stat.drop.minecraft.repeating_command_block":5,"stat.drop.minecraft.quartz_block":5,"stat.drop.minecraft.stone_slab2":1}