{"stat.useItem.minecraft.bow":312,"stat.useItem.minecraft.chain_command_block":278,"stat.useItem.minecraft.quartz_block":140,"stat.killEntity.EntityHorse":1,"stat.pigOneCm":24899,"stat.leaveGame":62,"stat.pickup.minecraft.stone_slab2":1,"stat.useItem.minecraft.repeating_command_block":91,"stat.pickup.minecraft.fishing_rod":2,"stat.useItem.minecraft.planks":92,"stat.pickup.minecraft.porkchop":10,"stat.useItem.minecraft.red_sandstone_stairs":90,"stat.useItem.minecraft.water_bucket":295,"stat.pickup.minecraft.rotten_flesh":34,"stat.useItem.minecraft.sandstone_stairs":173,"stat.useItem.minecraft.vine":33,"stat.useItem.minecraft.red_nether_brick":322,"stat.pickup.minecraft.leather_boots":1,"stat.aviateOneCm":95117,"stat.useItem.minecraft.anvil":3,"stat.useItem.minecraft.spawn_egg":548,"stat.drop.minecraft.sandstone_stairs":1,"stat.pickup.minecraft.stained_hardened_clay":1,"stat.useItem.minecraft.oak_stairs":28,"stat.useItem.minecraft.dark_oak_stairs":707,"stat.drop.minecraft.stone_slab":3,"stat.useItem.minecraft.redstone":59,"stat.useItem.minecraft.red_sandstone":66,"achievement.mineWood":1,"stat.useItem.minecraft.stained_glass":769,"stat.drop.minecraft.fishing_rod":1,"stat.useItem.minecraft.fence":7,"stat.useItem.minecraft.stone_stairs":117,"stat.pickup.minecraft.skull":867,"achievement.openInventory":652,"stat.useItem.minecraft.wheat_seeds":24,"stat.useItem.minecraft.wooden_button":7,"stat.drop.minecraft.snowball":38,"stat.useItem.minecraft.dye":241,"stat.pickup.minecraft.lever":2,"stat.deaths":119,"stat.drop.minecraft.chain_command_block":9,"stat.playOneMinute":2802342,"stat.useItem.minecraft.nether_brick":3,"stat.pickup.minecraft.item_frame":1,"stat.useItem.minecraft.jukebox":44,"stat.mineBlock.minecraft.tallgrass":5,"stat.useItem.minecraft.stone":723,"stat.fallOneCm":268326,"stat.crouchOneCm":247245,"stat.craftingTableInteraction":4,"stat.drop.minecraft.stained_glass_pane":1,"stat.pickup.minecraft.dye":86,"stat.pickup.minecraft.wheat_seeds":1,"stat.useItem.minecraft.enchanting_table":1,"stat.useItem.minecraft.iron_bars":81,"stat.useItem.minecraft.bone_block":7,"stat.useItem.minecraft.torch":17,"stat.drop.minecraft.stone_brick_stairs":1,"stat.useItem.minecraft.log":118,"stat.useItem.minecraft.comparator":6,"stat.useItem.minecraft.cobblestone":26,"stat.craftItem.minecraft.leather_boots":1,"stat.pickup.minecraft.redstone_block":1,"stat.pickup.minecraft.log":1,"stat.drop.minecraft.sign":2,"stat.useItem.minecraft.nether_wart_block":1,"stat.pickup.minecraft.sapling":13,"stat.useItem.minecraft.glass_pane":10,"stat.useItem.minecraft.deadbush":20,"stat.drop.minecraft.bow":3,"stat.useItem.minecraft.barrier":710,"stat.useItem.minecraft.stonebrick":185,"stat.useItem.minecraft.spruce_door":3,"stat.drop.minecraft.leather_leggings":1,"stat.pickup.minecraft.red_flower":5,"stat.sneakTime":108713,"stat.pickup.minecraft.stone_slab":2,"stat.useItem.minecraft.brewing_stand":1,"stat.pickup.minecraft.yellow_flower":10,"stat.useItem.minecraft.fishing_rod":33,"stat.useItem.minecraft.web":94,"stat.craftItem.minecraft.leather_leggings":3,"stat.useItem.minecraft.lapis_block":29,"stat.horseOneCm":2976,"stat.useItem.minecraft.log2":296,"stat.useItem.minecraft.beacon":1,"stat.useItem.minecraft.skull":13,"stat.useItem.minecraft.diamond_sword":114,"stat.swimOneCm":203360,"stat.useItem.minecraft.snow":205,"stat.climbOneCm":64890,"stat.useItem.minecraft.redstone_torch":1,"stat.useItem.minecraft.dirt":2034,"stat.useItem.minecraft.stone_slab2":8,"achievement.exploreAllBiomes":{"value":0,"progress":["The Void"]},"stat.useItem.minecraft.egg":1369,"stat.useItem.minecraft.leaves2":574,"stat.flyOneCm":11127853,"stat.pickup.minecraft.chain_command_block":3,"stat.pickup.minecraft.redstone":1,"stat.timeSinceDeath":22881,"stat.useItem.minecraft.sign":144,"stat.drop.minecraft.log":1,"stat.cauldronFilled":1,"stat.useItem.minecraft.wooden_slab":608,"stat.useItem.minecraft.iron_door":8,"stat.useItem.minecraft.lever":5,"stat.pickup.minecraft.carpet":1,"stat.pickup.minecraft.wooden_sword":1,"stat.useItem.minecraft.sea_lantern":1,"stat.useItem.minecraft.spruce_fence":184,"stat.pickup.minecraft.sandstone_stairs":1,"stat.sprintOneCm":2381149,"stat.useItem.minecraft.stone_slab":585,"stat.useItem.minecraft.bed":1,"stat.useItem.minecraft.snowball":4887,"stat.pickup.minecraft.grass":15,"stat.drop.minecraft.leaves":1,"stat.pickup.minecraft.leather_leggings":1,"stat.pickup.minecraft.spawn_egg":1,"stat.drop":61,"stat.craftItem.minecraft.leather_chestplate":6,"stat.pickup.minecraft.stone_button":10,"stat.useItem.minecraft.wooden_sword":279,"stat.useItem.minecraft.ladder":5,"stat.killEntity.Zombie":30,"stat.pickup.minecraft.snowball":5,"stat.useItem.minecraft.birch_stairs":3,"stat.diveOneCm":302049,"stat.pickup.minecraft.sign":10,"stat.useItem.minecraft.quartz_stairs":50,"stat.useItem.minecraft.diamond_axe":12,"stat.useItem.minecraft.heavy_weighted_pressure_plate":9,"stat.useItem.minecraft.carpet":8,"stat.useItem.minecraft.stained_glass_pane":238,"stat.pickup.minecraft.stone_brick_stairs":1,"stat.jump":12857,"stat.useItem.minecraft.sand":432,"stat.drop.minecraft.diamond_sword":4,"stat.useItem.minecraft.stone_button":138,"stat.boatOneCm":782,"stat.useItem.minecraft.sapling":62,"stat.pickup.minecraft.command_block":2,"stat.pickup.minecraft.red_sandstone":1,"stat.brewingstandInteraction":1,"stat.damageTaken":31688,"stat.useItem.minecraft.stone_brick_stairs":87,"stat.dispenserInspected":1,"stat.useItem.minecraft.carrot_on_a_stick":8,"stat.drop.minecraft.red_sandstone":1,"stat.pickup.minecraft.quartz_block":2,"stat.useItem.minecraft.birch_fence":89,"stat.entityKilledBy.Zombie":1,"stat.pickup.minecraft.diamond_axe":1,"stat.pickup.minecraft.stained_glass":1,"stat.damageDealt":15675,"stat.useItem.minecraft.snow_layer":210,"stat.useItem.minecraft.crafting_table":3,"stat.killEntity.Pig":7,"stat.useItem.minecraft.command_block":109,"stat.walkOneCm":2921111,"stat.playerKills":42,"stat.useItem.minecraft.dark_oak_fence_gate":5,"stat.drop.minecraft.diamond_axe":3,"stat.useItem.minecraft.redstone_block":42,"stat.useItem.minecraft.item_frame":15,"stat.drop.minecraft.leather_chestplate":1,"stat.useItem.minecraft.spruce_stairs":100,"stat.useItem.minecraft.stained_hardened_clay":1463,"stat.useItem.minecraft.leaves":89,"stat.drop.minecraft.egg":5,"stat.pickup.minecraft.barrier":1,"stat.drop.minecraft.crafting_table":1,"stat.mobKills":75,"stat.drop.minecraft.repeating_command_block":5,"stat.useItem.minecraft.mossy_cobblestone":6,"stat.useItem.minecraft.cobblestone_wall":42,"stat.drop.minecraft.arrow":6,"stat.useItem.minecraft.sandstone":563}