{"stat.chestOpened":3,"stat.useItem.minecraft.quartz_block":1,"stat.leaveGame":22,"stat.useItem.minecraft.diamond_sword":9,"stat.useItem.minecraft.stained_glass_pane":30,"stat.jump":1888,"stat.swimOneCm":10852,"stat.climbOneCm":701,"stat.fallOneCm":145881,"stat.drop.minecraft.diamond_sword":1,"stat.crouchOneCm":7575,"stat.useItem.minecraft.dirt":3,"stat.pickup.minecraft.dirt":23,"stat.useItem.minecraft.stone_button":1,"stat.useItem.minecraft.stone_slab2":9,"stat.useItem.minecraft.red_sandstone_stairs":2,"achievement.exploreAllBiomes":{"value":0,"progress":["The Void"]},"stat.drop.minecraft.barrier":1,"stat.useItem.minecraft.egg":35,"stat.damageTaken":12642,"stat.useItem.minecraft.gold_block":25,"stat.flyOneCm":1157078,"stat.damageDealt":758,"stat.useItem.minecraft.wool":5,"stat.timeSinceDeath":1806,"stat.useItem.minecraft.sign":9,"stat.useItem.minecraft.wooden_slab":7,"stat.useItem.minecraft.command_block":5,"stat.walkOneCm":189348,"stat.useItem.minecraft.chest":2,"stat.playerKills":4,"stat.drop.minecraft.dirt":75,"stat.drop.minecraft.wool":64,"stat.useItem.minecraft.stained_hardened_clay":22,"stat.drop.minecraft.egg":1,"stat.sprintOneCm":320153,"stat.useItem.minecraft.stained_glass":8,"stat.useItem.minecraft.diamond_block":58,"stat.drop.minecraft.command_block":1,"stat.useItem.minecraft.stone_slab":24,"achievement.openInventory":41,"stat.useItem.minecraft.barrier":2,"stat.useItem.minecraft.snowball":16,"stat.deaths":39,"stat.drop":80,"stat.playOneMinute":302645,"stat.sneakTime":6894,"stat.diveOneCm":28105}