{"stat.craftItem.minecraft.leather_leggings":1,"stat.pickup.minecraft.tripwire_hook":2,"stat.horseOneCm":518,"stat.useItem.minecraft.stone":68,"stat.leaveGame":10,"stat.useItem.minecraft.skull":8,"stat.useItem.minecraft.heavy_weighted_pressure_plate":5,"stat.useItem.minecraft.glowstone":14,"stat.jump":728,"stat.swimOneCm":56833,"stat.useItem.minecraft.sand":67,"stat.useItem.minecraft.snow":15,"stat.climbOneCm":4496,"stat.useItem.minecraft.planks":524,"stat.fallOneCm":41301,"stat.useItem.minecraft.end_rod":7,"stat.useItem.minecraft.piston":45,"stat.crouchOneCm":27949,"stat.useItem.minecraft.coal_block":2,"stat.useItem.minecraft.nether_brick_fence":4,"stat.useItem.minecraft.dirt":191,"stat.useItem.minecraft.stone_button":6,"stat.useItem.minecraft.stone_slab2":2,"stat.useItem.minecraft.red_sandstone_stairs":8,"stat.useItem.minecraft.light_weighted_pressure_plate":2,"achievement.exploreAllBiomes":{"value":0,"progress":["The Void"]},"stat.useItem.minecraft.water_bucket":143,"stat.craftingTableInteraction":6,"stat.pickup.minecraft.rotten_flesh":6,"stat.useItem.minecraft.glass":1,"stat.useItem.minecraft.sandstone_stairs":44,"stat.useItem.minecraft.red_nether_brick":272,"stat.damageTaken":586,"stat.useItem.minecraft.stone_brick_stairs":19,"stat.useItem.minecraft.rail":26,"stat.useItem.minecraft.furnace":21,"stat.useItem.minecraft.gold_block":22,"stat.useItem.minecraft.anvil":1,"stat.flyOneCm":1381314,"stat.useItem.minecraft.birch_fence":112,"stat.damageDealt":86,"stat.pickup.minecraft.redstone":1,"stat.useItem.minecraft.snow_layer":39,"stat.useItem.minecraft.wool":15,"stat.timeSinceDeath":70008,"stat.useItem.minecraft.sign":14,"stat.useItem.minecraft.crafting_table":18,"stat.useItem.minecraft.spawn_egg":82,"stat.useItem.minecraft.wooden_slab":91,"stat.useItem.minecraft.iron_door":4,"stat.useItem.minecraft.iron_bars":110,"stat.useItem.minecraft.command_block":1,"stat.walkOneCm":274057,"stat.useItem.minecraft.torch":4,"stat.useItem.minecraft.chest":3,"stat.useItem.minecraft.lever":7,"stat.pickup.minecraft.stick":2,"stat.useItem.minecraft.log":76,"stat.useItem.minecraft.oak_stairs":26,"stat.furnaceInteraction":2,"stat.craftItem.minecraft.leather_boots":1,"stat.useItem.minecraft.dark_oak_stairs":162,"stat.pickup.minecraft.wooden_button":4,"stat.useItem.minecraft.redstone":8,"stat.useItem.minecraft.yellow_flower":1,"stat.useItem.minecraft.spruce_stairs":43,"stat.pickup.minecraft.stone":1,"stat.useItem.minecraft.spruce_fence":54,"stat.useItem.minecraft.stained_hardened_clay":2396,"stat.useItem.minecraft.trapdoor":55,"stat.sprintOneCm":86493,"stat.useItem.minecraft.diamond_block":1,"stat.useItem.minecraft.tallgrass":3,"stat.useItem.minecraft.fence":21,"stat.pickup.minecraft.skull":1,"stat.useItem.minecraft.deadbush":5,"stat.useItem.minecraft.stone_slab":220,"stat.useItem.minecraft.ice":1,"stat.useItem.minecraft.tripwire_hook":3,"achievement.openInventory":247,"stat.useItem.minecraft.barrier":179,"stat.pickup.minecraft.grass":9,"stat.useItem.minecraft.iron_block":13,"stat.useItem.minecraft.wooden_button":4,"stat.useItem.minecraft.daylight_detector":5,"stat.useItem.minecraft.wooden_pressure_plate":1,"stat.useItem.minecraft.dye":33,"stat.pickup.minecraft.spawn_egg":64,"stat.pickup.minecraft.lever":4,"stat.deaths":8,"stat.useItem.minecraft.cobblestone_wall":2,"stat.playOneMinute":336342,"stat.craftItem.minecraft.leather_chestplate":1,"stat.pickup.minecraft.red_flower":1,"stat.useItem.minecraft.ladder":46,"stat.sneakTime":20403,"stat.useItem.minecraft.birch_stairs":9,"stat.diveOneCm":166492,"stat.useItem.minecraft.sandstone":287}